study_hours,sleep_hours,screen_time,prev_semester_score,attendance,weekly_test_score,assignment_score,weak_subjects,performance_score,risk_level
4.37,4.93,2.83,80.36,78.6,57.55,78.9,Math,55.58,Medium
9.56,6.71,2.73,87.8,90.27,63.14,50.34,English,72.29,Low
7.59,8.36,7.34,55.03,88.01,89.82,92.34,Physics,56.0,Medium
6.39,7.66,2.75,77.49,57.69,53.8,76.79,Chemistry,51.53,Medium
2.4,8.03,2.9,74.3,57.46,90.88,49.43,Math,46.06,High
2.4,7.29,6.32,89.97,63.41,36.17,97.74,Math,45.05,High
1.52,7.46,4.15,94.37,68.05,84.38,71.1,CS,55.84,Medium
8.8,8.25,6.44,40.73,70.42,89.33,44.37,Math,53.41,Medium
6.41,5.25,1.46,80.44,83.98,42.73,77.61,Physics,54.68,Medium
7.37,6.45,4.41,43.11,52.83,60.12,55.19,CS,46.07,High
1.19,5.11,1.24,72.93,51.73,41.58,88.22,Math,47.72,High
9.73,8.94,1.44,57.26,69.6,79.46,89.07,Chemistry,71.62,Low
8.49,8.72,7.35,58.41,84.86,67.47,98.74,None,62.86,Medium
2.91,4.2,1.97,61.18,59.67,74.47,70.11,Physics,43.71,High
2.64,7.53,4.73,77.28,82.08,43.75,67.3,Chemistry,54.38,Medium
2.65,8.63,3.88,60.04,62.99,44.82,85.21,Chemistry,43.25,High
3.74,4.9,3.43,83.96,94.3,32.9,47.95,CS,54.15,Medium
5.72,6.84,7.3,64.27,94.78,52.54,72.81,English,53.19,Medium
4.89,8.58,1.15,44.1,64.86,69.18,72.77,CS,52.63,Medium
3.62,4.17,5.65,87.03,61.5,90.06,45.37,Physics,59.26,Medium
6.51,7.49,7.74,57.15,70.57,76.68,65.08,Physics,47.14,High
2.26,5.49,4.92,65.97,62.03,60.48,91.2,CS,41.74,High
3.63,8.62,7.56,81.13,83.62,96.72,91.37,English,51.68,Medium
4.3,8.86,1.37,59.95,91.3,80.35,45.95,CS,61.17,Medium
5.1,8.72,3.93,43.4,83.65,95.11,45.44,Physics,61.46,Medium
8.07,6.37,2.82,62.44,91.22,66.93,55.76,English,69.13,Medium
2.8,8.31,6.12,96.67,69.85,48.12,92.49,Physics,59.84,Medium
5.63,8.22,7.87,78.5,57.82,33.7,47.73,English,47.17,High
6.33,5.6,2.8,80.29,86.9,80.83,83.2,English,60.75,Medium
1.42,8.14,5.58,77.94,68.02,38.49,46.07,CS,32.67,High
6.47,4.19,2.39,51.94,83.56,51.19,77.39,CS,61.84,Medium
2.53,6.98,4.96,65.1,63.53,67.27,61.36,CS,46.43,High
1.59,5.15,4.25,85.06,54.06,69.51,87.33,English,43.08,High
9.54,4.6,7.8,46.08,99.63,72.04,54.02,English,61.38,Medium
9.69,4.38,5.26,56.67,57.81,41.64,78.35,Physics,49.79,High
8.28,7.48,3.45,56.58,99.42,56.58,54.14,Chemistry,62.83,Medium
3.74,5.7,1.8,65.92,98.86,73.2,82.82,CS,53.91,Medium
1.88,7.62,2.06,98.82,89.69,97.89,92.42,None,65.03,Medium
7.16,4.33,2.58,44.05,82.97,80.93,47.61,Physics,51.45,Medium
4.96,5.58,2.76,71.12,78.89,94.58,92.0,Physics,51.53,Medium
2.1,6.7,6.95,50.76,93.31,83.35,75.61,Math,44.1,High
5.46,7.95,4.93,98.24,64.47,71.42,47.63,CS,63.89,Medium
1.31,5.59,4.66,46.8,73.38,43.44,65.65,Physics,34.46,High
9.18,7.13,1.8,64.22,80.97,76.67,49.65,Math,69.3,Medium
3.33,8.43,7.02,84.27,70.56,73.64,82.02,None,48.2,High
6.96,7.08,6.06,82.27,71.37,72.17,85.53,None,61.2,Medium
3.81,5.16,1.47,65.36,66.51,64.29,46.35,CS,43.45,High
5.68,4.12,5.95,60.79,78.21,67.01,70.37,English,51.88,Medium
5.92,8.35,4.8,63.86,92.53,53.41,88.88,Math,58.93,Medium
2.66,4.11,1.57,55.86,60.08,66.35,96.17,English,48.13,High
9.73,8.37,4.21,52.32,96.72,43.83,70.81,None,69.71,Medium
7.98,6.64,4.39,68.98,84.45,86.36,97.02,None,69.55,Medium
9.46,8.7,2.16,56.11,91.16,43.0,72.14,Chemistry,67.74,Medium
9.05,7.99,7.62,57.25,77.81,35.95,63.65,Chemistry,51.2,Medium
6.38,8.99,6.95,79.41,88.98,60.54,90.89,Chemistry,62.4,Medium
9.3,5.75,5.68,98.11,50.81,76.08,69.58,Chemistry,62.79,Medium
1.8,7.84,4.24,76.22,90.92,60.64,68.31,Physics,47.52,High
2.76,6.01,3.88,44.62,52.01,49.37,69.42,Chemistry,36.17,High
1.41,6.4,5.56,44.54,94.5,69.07,90.81,Physics,37.0,High
3.93,7.14,4.82,97.09,99.6,54.29,89.92,Physics,49.72,High
4.5,8.37,1.44,57.84,64.7,95.3,64.21,CS,53.01,Medium
3.44,8.92,4.59,45.52,60.52,94.59,60.0,Physics,48.98,High
8.46,7.84,6.64,75.94,88.27,65.17,69.52,Physics,57.01,Medium
4.21,6.09,4.21,77.42,62.65,52.95,74.37,Chemistry,50.0,Medium
3.53,6.11,1.36,78.91,93.28,81.6,54.3,Physics,64.82,Medium
5.88,7.69,6.5,56.04,55.14,32.57,87.64,English,53.6,Medium
2.27,5.19,2.41,40.91,56.3,63.23,69.19,Chemistry,46.32,High
8.22,4.55,2.81,97.9,98.96,53.54,60.04,Math,67.36,Medium
1.67,5.77,2.15,55.05,83.69,94.44,46.41,Chemistry,49.99,High
9.88,5.44,3.31,80.56,92.34,30.84,54.33,Physics,59.79,Medium
7.95,5.48,6.3,82.4,66.22,68.7,96.96,English,58.25,Medium
2.79,5.17,4.64,76.6,83.82,81.85,58.31,Chemistry,34.11,High
1.05,4.21,2.43,58.77,79.71,63.95,50.13,English,43.57,High
8.34,4.09,7.14,56.27,80.16,35.98,67.64,Math,57.17,Medium
7.36,8.94,7.16,75.86,84.13,98.07,58.43,None,61.12,Medium
7.56,6.14,7.09,91.97,78.77,66.26,42.11,Math,56.85,Medium
7.94,5.92,2.67,96.8,71.45,72.99,59.39,None,62.04,Medium
1.67,7.4,4.16,46.35,63.8,46.56,72.65,CS,40.59,High
4.23,5.09,7.89,49.29,88.43,63.84,73.1,None,48.33,High
2.04,8.75,6.4,96.68,61.31,60.04,61.39,CS,40.73,High
8.77,7.93,1.19,84.19,84.62,35.24,66.84,Chemistry,70.18,Low
6.61,4.45,1.46,92.98,61.67,37.43,97.93,CS,58.65,Medium
3.98,6.09,4.25,52.16,81.27,88.62,62.64,English,49.08,High
1.57,8.4,7.36,75.26,87.35,46.79,55.49,CS,45.47,High
3.8,8.72,4.77,82.07,60.94,43.65,54.61,English,49.2,High
3.93,6.34,4.48,80.81,53.0,65.34,67.47,None,49.06,High
7.57,7.07,1.74,64.49,56.55,83.81,85.57,None,62.2,Medium
6.74,4.84,5.6,40.92,80.3,34.34,52.36,None,48.24,High
8.98,8.96,6.75,74.98,92.47,70.38,82.56,CS,70.77,Low
5.25,5.16,3.66,55.19,52.25,38.34,41.27,None,42.53,High
2.08,8.71,6.43,67.02,86.71,32.55,65.14,CS,37.32,High
7.42,7.25,7.75,97.45,67.07,33.69,86.55,CS,58.0,Medium
7.85,7.04,2.43,63.94,73.93,88.39,60.32,Physics,67.3,Medium
6.05,6.56,4.66,90.39,96.44,38.26,73.82,Physics,59.43,Medium
7.94,5.15,3.01,51.31,66.6,33.16,52.3,CS,53.33,Medium
5.44,4.88,6.55,80.35,73.27,60.65,84.52,English,61.13,Medium
5.7,5.1,5.04,98.62,50.68,89.08,43.14,Chemistry,60.08,Medium
4.85,4.93,5.44,46.11,54.08,48.37,91.15,Math,43.12,High
1.23,7.9,6.59,40.5,62.93,59.52,51.89,Physics,31.31,High
1.97,5.75,3.77,66.01,51.39,32.79,92.46,CS,27.88,High
1.28,4.29,7.41,45.56,81.57,61.44,61.15,Math,30.92,High
6.73,8.85,4.73,84.9,71.32,70.43,83.36,Physics,63.22,Medium
3.83,8.42,2.11,94.87,77.41,69.96,59.15,Chemistry,61.67,Medium
5.58,8.64,5.87,66.04,58.73,53.27,94.35,English,54.1,Medium
9.17,8.97,6.55,55.52,64.8,52.09,47.6,CS,55.78,Medium
3.24,4.87,3.22,66.06,83.19,37.46,50.71,Chemistry,33.65,High
4.69,5.98,7.0,83.41,98.27,55.68,69.58,Physics,48.04,High
7.8,7.79,7.34,40.54,52.52,36.96,44.92,CS,47.78,High
3.06,7.48,2.94,75.37,94.52,83.66,51.76,Math,62.58,Medium
1.69,4.77,7.88,76.8,78.84,97.64,96.63,None,45.68,High
3.61,8.08,1.98,78.26,78.2,97.91,98.59,English,63.91,Medium
2.45,5.12,2.41,54.52,75.01,90.55,62.58,Physics,49.88,High
9.37,5.12,2.29,82.84,53.47,72.06,95.4,English,63.41,Medium
8.27,6.68,7.26,45.48,54.49,79.06,72.69,CS,55.01,Medium
6.7,6.96,5.58,51.96,80.05,49.96,56.18,None,46.93,High
8.84,6.9,2.06,92.65,67.05,74.15,82.14,Chemistry,75.58,Low
8.23,4.46,4.08,84.32,95.86,61.9,79.53,English,64.54,Medium
2.68,8.39,5.31,40.82,70.33,63.74,99.35,Math,46.97,High
9.03,5.33,1.58,54.9,57.16,83.04,55.9,Physics,55.67,Medium
5.85,4.65,7.18,52.86,85.74,49.73,80.32,Math,50.12,Medium
8.27,8.44,6.63,56.25,64.67,52.26,43.12,English,64.39,Medium
9.06,8.78,4.54,54.85,76.27,94.72,46.82,None,59.01,Medium
3.86,8.31,7.77,43.75,84.89,33.94,40.24,Chemistry,37.31,High
1.99,8.05,3.92,67.54,95.01,63.99,99.97,Chemistry,53.69,Medium
3.05,7.28,7.89,83.96,89.61,93.9,88.14,Math,58.54,Medium
4.84,6.75,5.68,76.4,83.82,72.73,87.2,CS,53.42,Medium
8.36,4.43,5.44,80.37,83.98,68.25,70.58,CS,46.31,High
8.75,6.04,2.16,44.87,97.3,47.48,58.0,None,64.82,Medium
1.06,5.86,7.17,97.09,64.79,54.03,49.08,Chemistry,44.29,High
5.6,5.3,3.99,90.31,50.06,89.64,57.08,Math,46.97,High
4.76,7.62,2.14,88.31,63.6,69.15,62.56,Math,55.34,Medium
3.0,6.48,1.09,89.38,60.89,66.03,85.38,Math,63.08,Medium
2.08,4.41,4.92,95.96,83.09,36.97,72.38,English,52.56,Medium
4.04,5.1,4.69,72.66,81.69,31.12,44.65,None,48.03,High
9.49,7.42,6.04,52.02,79.67,97.46,41.08,CS,60.15,Medium
3.91,4.38,7.23,77.01,50.81,56.39,46.14,CS,40.26,High
5.67,8.26,1.56,84.57,86.44,72.22,64.63,English,63.59,Medium
7.33,6.48,6.12,84.28,66.18,35.58,95.99,Physics,64.18,Medium
4.27,6.4,2.31,71.29,83.25,77.82,78.24,English,51.78,Medium
9.75,6.96,7.01,44.11,77.83,95.28,88.11,None,58.72,Medium
9.66,8.12,6.73,62.27,67.14,70.3,67.98,Math,67.65,Medium
3.27,5.74,4.79,95.25,56.73,38.83,61.7,English,46.54,High
5.48,7.39,5.97,75.07,54.72,70.72,46.5,Math,57.9,Medium
3.71,6.83,3.2,72.3,91.58,83.64,92.56,None,54.19,Medium
3.56,5.34,4.3,56.13,95.92,58.45,86.99,None,47.7,High
1.33,8.39,6.75,62.11,82.49,91.59,50.09,Chemistry,39.39,High
6.49,7.99,4.21,93.72,55.17,75.41,70.74,Math,62.89,Medium
5.52,7.29,3.5,79.99,70.1,92.95,69.24,CS,53.08,Medium
1.46,8.25,4.46,87.24,86.45,73.65,77.51,English,50.35,Medium
3.51,8.34,6.8,67.26,88.99,39.19,96.77,None,43.24,High
9.17,7.54,3.35,77.81,55.91,51.68,74.79,Math,68.17,Medium
3.16,8.19,2.22,54.9,50.0,44.13,72.41,Physics,49.17,High
2.3,7.49,5.98,82.33,85.61,93.62,43.02,Chemistry,41.05,High
5.41,7.4,6.78,65.66,67.83,83.23,43.77,Physics,57.12,Medium
9.87,7.09,1.7,66.55,62.72,77.35,51.24,None,78.54,Low
3.18,7.76,2.68,78.96,50.64,51.07,41.95,Physics,47.3,High
7.05,4.79,1.99,96.18,77.01,42.88,84.6,Physics,59.3,Medium
7.85,8.4,3.44,43.84,92.56,82.95,83.4,Chemistry,77.59,Low
3.14,8.36,4.15,89.48,97.88,63.19,48.16,Chemistry,48.46,High
7.55,4.15,6.24,57.54,78.29,45.81,90.16,Chemistry,51.9,Medium
4.31,8.13,5.56,66.64,75.72,73.16,49.29,Chemistry,51.45,Medium
6.69,4.64,5.35,41.31,54.25,32.82,58.07,Physics,47.85,High
6.7,5.68,3.47,58.06,77.44,52.83,54.94,CS,53.73,Medium
5.82,7.72,6.89,70.16,69.0,62.8,62.34,CS,50.19,Medium
1.81,4.8,4.3,43.37,80.36,40.36,55.28,Chemistry,28.96,High
8.52,8.09,7.85,69.47,69.44,98.93,69.34,English,61.53,Medium
3.89,8.16,5.44,95.63,62.01,44.64,64.44,Math,47.72,High
2.68,6.54,1.88,46.32,54.75,39.12,99.19,None,43.43,High
1.37,4.03,5.73,85.87,65.75,44.25,43.36,English,33.42,High
6.32,5.44,3.28,64.58,54.83,83.83,48.53,None,44.84,High
7.1,7.08,5.8,79.31,58.84,59.79,43.17,English,60.89,Medium
1.15,8.91,1.49,55.61,99.37,69.58,77.55,English,48.03,High
5.61,7.16,2.22,49.57,72.21,31.47,43.27,CS,40.8,High
3.04,5.3,6.99,49.63,76.59,32.41,90.19,Math,37.56,High
6.81,7.17,2.59,44.23,93.68,61.21,70.72,English,56.93,Medium
2.57,6.7,6.86,51.14,99.78,87.17,71.62,Chemistry,36.97,High
7.22,7.9,2.95,79.85,79.14,91.97,73.7,None,69.05,Medium
4.48,4.53,5.5,92.9,90.62,36.07,50.25,CS,43.54,High
9.43,7.81,5.86,88.85,66.35,67.69,51.86,None,74.34,Low
2.24,6.71,4.59,81.11,65.29,93.93,59.13,Chemistry,51.74,Medium
4.07,8.81,3.14,46.63,70.14,57.16,75.61,Chemistry,47.88,High
2.02,5.71,2.49,57.35,83.63,88.07,52.61,English,41.3,High
9.32,7.16,1.23,58.59,84.11,39.36,46.98,Chemistry,61.06,Medium
8.9,8.66,3.13,55.0,65.76,95.48,98.21,Math,72.11,Low
3.32,4.51,5.57,70.9,56.66,82.6,41.32,Chemistry,41.61,High
6.94,8.69,7.57,72.13,81.62,95.89,88.16,English,62.72,Medium
8.35,7.44,7.1,61.41,56.42,77.36,87.28,None,59.63,Medium
6.0,4.34,6.36,61.23,78.92,55.44,57.83,Chemistry,43.58,High
5.77,5.5,6.52,89.71,84.67,95.67,48.14,CS,55.23,Medium
3.18,7.54,5.65,87.36,85.03,49.29,48.74,CS,38.95,High
1.84,4.34,2.82,58.47,87.67,53.25,81.85,CS,47.12,High
9.07,6.91,7.35,94.83,93.64,79.06,78.57,None,71.29,Low
9.1,5.73,5.7,97.17,75.0,83.57,86.96,Physics,65.78,Medium
6.7,7.1,4.92,59.6,86.51,95.06,96.25,CS,71.68,Low
4.05,4.23,1.78,61.27,80.96,44.34,81.52,CS,48.06,High
4.14,8.36,4.13,70.34,59.33,85.86,49.35,Physics,47.11,High
7.53,8.87,4.22,96.47,51.28,81.7,54.61,None,70.25,Low
9.07,8.84,7.05,92.58,64.23,34.47,90.53,CS,68.33,Medium
8.98,7.75,4.83,46.15,72.15,57.11,52.56,English,58.64,Medium
8.02,4.65,3.66,63.56,80.86,49.79,44.35,None,51.44,Medium
6.78,7.79,7.84,73.2,92.5,51.31,82.2,CS,60.29,Medium
1.76,4.12,1.78,70.19,59.81,98.81,64.15,CS,43.81,High
2.45,4.11,3.96,51.63,56.28,74.99,95.2,Physics,44.1,High
9.09,5.62,1.29,91.53,98.17,80.24,79.02,English,64.37,Medium
6.46,6.44,6.18,80.62,55.4,98.36,45.43,None,53.5,Medium
1.08,7.85,7.43,90.27,73.92,56.4,96.87,Chemistry,56.44,Medium
1.91,7.42,2.96,91.53,79.28,86.13,55.51,Math,49.51,High
6.97,6.23,7.01,84.9,77.07,60.42,60.23,English,53.5,Medium
1.05,5.37,3.05,66.35,54.3,90.87,64.14,Chemistry,39.58,High
2.45,8.99,7.38,76.63,52.85,42.65,43.07,English,35.33,High
5.94,6.13,6.28,49.62,55.27,96.34,69.79,Chemistry,38.79,High
7.23,6.26,6.63,80.42,79.28,45.31,47.4,Chemistry,52.95,Medium
6.87,4.82,1.13,50.76,77.22,52.84,64.06,English,53.51,Medium
3.02,7.97,7.74,81.64,61.69,82.93,61.04,Physics,48.4,High
7.41,7.47,6.09,53.78,81.89,57.56,86.37,English,56.25,Medium
3.14,5.1,3.13,47.05,91.0,72.57,88.19,English,47.16,High
3.93,4.41,6.81,49.92,52.08,61.12,49.2,Chemistry,40.97,High
7.72,7.4,2.97,40.12,74.91,81.97,61.99,Math,56.39,Medium
6.85,7.27,7.11,83.12,84.47,45.98,62.4,Chemistry,53.96,Medium
8.64,5.37,1.79,83.94,62.62,34.09,49.08,CS,57.83,Medium
6.92,8.75,5.93,70.9,65.39,51.0,87.91,English,62.01,Medium
6.11,4.76,4.78,49.68,80.68,63.2,82.43,None,57.26,Medium
1.84,6.16,1.68,45.01,94.9,41.76,51.42,English,36.84,High
4.31,8.72,2.69,41.15,90.5,54.84,62.0,Physics,50.62,Medium
3.39,6.1,1.09,49.94,79.16,58.0,46.35,None,46.56,High
3.2,7.19,4.28,93.45,86.51,34.02,77.69,Chemistry,48.05,High
9.76,5.99,3.11,54.49,68.24,70.83,47.28,Physics,59.9,Medium
4.54,5.37,5.19,61.26,82.05,91.9,99.16,English,46.45,High
9.03,8.92,3.08,46.32,73.31,40.62,86.84,Chemistry,53.37,Medium
6.68,6.05,3.1,53.34,59.5,71.85,63.41,Chemistry,54.65,Medium
8.15,8.47,6.2,71.15,85.09,76.53,74.71,CS,62.83,Medium
5.52,5.15,1.34,76.47,77.82,59.35,94.68,CS,59.69,Medium
6.19,5.07,7.32,54.72,67.93,79.08,73.25,Math,48.64,High
5.43,4.16,6.97,43.46,95.57,58.75,50.47,CS,37.14,High
2.76,7.26,5.67,63.46,51.05,65.32,62.72,None,42.48,High
7.5,5.84,5.15,54.05,65.79,30.51,90.59,Chemistry,45.7,High
3.53,8.32,7.25,53.17,52.84,78.42,78.65,CS,52.64,Medium
1.22,6.37,2.3,97.59,88.33,76.29,79.04,Math,47.4,High
6.81,8.84,1.55,76.98,85.11,32.69,92.01,English,64.13,Medium
2.59,4.93,2.68,73.41,66.57,55.78,93.64,None,42.27,High
9.46,8.34,6.56,64.95,83.78,98.53,95.19,CS,73.2,Low
9.59,7.88,1.24,65.74,69.8,59.45,45.69,Chemistry,63.53,Medium
9.23,7.85,5.08,72.45,87.81,65.14,72.65,English,64.24,Medium
4.33,8.22,7.97,81.79,72.71,93.7,84.43,Chemistry,60.9,Medium
1.14,7.81,6.99,82.13,70.61,80.21,85.42,English,47.76,High
9.35,7.13,4.65,50.3,96.74,70.74,76.4,None,66.47,Medium
4.85,4.66,1.45,70.01,62.54,85.85,50.01,Chemistry,46.61,High
9.7,4.16,6.82,64.72,56.02,90.51,87.85,CS,53.03,Medium
9.67,8.6,5.19,92.23,79.23,61.98,83.21,CS,73.32,Low
8.68,7.08,1.8,77.89,98.47,63.26,45.17,Math,65.19,Medium
3.65,7.98,1.66,71.95,68.89,57.02,67.83,English,56.34,Medium
4.47,6.41,7.37,46.92,53.1,97.67,50.44,Math,42.51,High
8.66,4.59,5.68,76.34,66.97,78.8,60.25,Physics,59.74,Medium
3.85,4.63,6.81,47.03,75.3,35.83,41.08,CS,26.27,High
2.53,7.43,7.15,60.23,58.1,90.41,64.02,English,53.04,Medium
6.01,6.15,5.0,48.57,82.91,63.64,72.99,None,50.1,Medium
9.43,5.0,4.62,81.52,99.89,34.81,77.17,Math,67.43,Medium
7.26,6.46,4.01,52.38,72.59,68.48,79.81,None,52.22,Medium
6.13,4.32,3.22,63.51,67.74,59.2,90.18,None,54.54,Medium
1.87,6.91,4.04,93.74,70.04,91.44,52.93,None,44.68,High
6.54,5.34,6.42,52.26,55.76,44.28,47.23,Math,45.38,High
9.91,7.99,5.21,70.47,94.16,87.85,91.09,Physics,71.17,Low
2.26,5.55,7.25,65.16,70.74,69.04,49.4,Math,38.83,High
5.66,6.28,4.1,41.09,69.36,33.82,98.49,Chemistry,51.35,Medium
8.9,4.06,5.25,87.57,82.98,98.03,90.55,CS,61.59,Medium
7.67,4.36,5.42,44.14,72.1,65.88,70.05,Math,46.5,High
7.27,5.96,5.14,68.46,82.41,50.36,98.89,Math,61.13,Medium
7.32,6.4,5.92,73.64,53.07,62.86,45.84,Physics,63.38,Medium
4.24,7.0,2.66,77.71,90.69,90.05,58.18,Chemistry,57.17,Medium
3.64,5.46,4.59,81.32,97.03,51.34,78.29,Math,54.59,Medium
8.28,7.47,1.73,55.2,82.44,43.49,61.0,CS,59.39,Medium
8.29,8.3,3.69,40.6,97.73,39.03,95.7,CS,70.56,Low
8.8,7.9,4.41,83.41,57.57,50.85,43.94,Math,52.63,Medium
9.22,4.2,5.57,72.14,73.87,84.6,72.96,None,61.82,Medium
5.6,6.4,7.65,90.17,80.09,63.01,75.45,None,47.72,High
5.51,4.52,5.2,89.28,79.09,45.92,79.16,Chemistry,41.11,High
8.18,5.21,6.21,90.6,70.07,41.63,55.34,CS,58.38,Medium
6.85,8.93,4.54,69.11,66.9,53.29,61.87,None,58.71,Medium
7.32,4.71,5.44,60.02,56.34,95.79,90.62,CS,54.78,Medium
8.16,6.49,1.5,87.49,69.59,54.01,51.7,Chemistry,63.15,Medium
9.01,7.09,2.78,67.08,58.13,99.17,89.61,Chemistry,83.98,Low
4.04,7.51,3.53,51.01,86.72,63.97,73.76,None,49.2,High
4.38,6.8,4.31,91.3,60.44,42.54,85.73,Math,56.52,Medium
1.85,4.05,1.32,92.95,52.93,92.38,82.82,English,47.52,High
6.2,5.63,1.98,67.98,77.62,62.22,52.45,Physics,56.28,Medium
1.32,6.59,2.94,44.54,79.76,79.68,74.13,English,41.33,High
5.19,4.44,7.8,63.27,93.6,98.86,92.06,English,50.89,Medium
5.88,5.75,3.32,88.21,78.85,33.51,65.93,CS,64.59,Medium
3.58,4.17,4.37,94.11,67.27,36.77,98.0,Chemistry,55.73,Medium
6.32,4.39,2.37,52.21,90.15,80.43,67.13,CS,54.91,Medium
1.27,5.98,5.28,44.02,77.01,49.73,48.57,None,21.7,High
1.34,4.66,2.96,92.64,53.96,42.9,63.37,Physics,40.12,High
8.4,6.84,2.45,63.36,78.29,32.76,97.1,None,75.82,Low
4.24,7.45,4.62,72.51,95.4,31.53,59.18,Math,49.12,High
2.14,8.0,1.04,98.08,69.82,84.21,92.09,Physics,66.07,Medium
5.7,5.0,1.05,43.99,64.82,39.41,92.88,CS,56.42,Medium
7.93,4.84,2.53,78.9,57.17,62.74,61.01,CS,59.51,Medium
2.94,4.52,1.26,44.45,57.57,72.41,45.0,None,35.06,High
6.61,7.18,1.76,62.53,71.64,59.98,83.47,CS,47.37,High
1.77,7.53,3.37,88.23,79.78,31.9,58.69,CS,50.45,Medium
1.47,4.16,6.62,66.01,54.03,84.85,86.98,English,34.99,High
5.78,8.68,5.0,99.83,96.98,30.74,66.56,Math,62.75,Medium
5.87,4.26,4.59,73.54,87.76,83.33,69.12,English,48.95,High
6.74,6.71,3.05,59.27,79.33,92.53,86.67,CS,60.23,Medium
7.53,7.55,7.52,53.21,91.42,60.3,62.94,Chemistry,54.91,Medium
9.78,8.35,3.78,61.03,54.01,67.49,66.59,English,65.57,Medium
5.65,7.57,1.61,62.35,73.84,63.39,62.57,CS,50.74,Medium
3.91,8.01,5.32,44.12,81.5,57.24,62.04,CS,51.35,Medium
8.16,5.7,1.8,62.17,91.43,92.12,71.56,Math,62.1,Medium
3.44,8.07,3.42,67.85,89.17,92.58,88.53,None,49.51,High
4.95,4.4,4.55,83.36,63.85,53.51,61.71,Physics,48.46,High
1.71,8.47,7.12,79.4,97.04,73.05,71.46,English,50.06,Medium
1.23,6.74,4.45,82.53,56.22,94.88,80.24,English,49.17,High
9.66,8.09,5.92,40.5,93.76,97.34,56.17,English,70.01,Low
8.52,6.26,7.95,53.06,98.55,65.63,56.65,CS,54.26,Medium
7.26,7.22,1.92,79.7,58.86,61.7,96.0,Math,64.06,Medium
4.68,6.63,2.92,69.04,86.1,49.51,83.41,CS,48.92,High
2.56,7.66,3.76,40.32,52.01,97.12,74.63,CS,48.67,High
2.41,4.41,3.95,88.27,70.27,40.0,78.86,None,46.17,High
3.25,4.3,3.88,86.37,75.81,70.59,41.76,Chemistry,44.7,High
5.94,5.24,7.35,72.91,79.03,49.78,77.09,Math,41.0,High
7.43,4.8,6.0,43.99,96.8,49.53,70.57,English,57.49,Medium
6.94,8.36,5.26,85.99,83.61,58.35,72.74,Physics,57.17,Medium
3.52,5.1,3.17,75.02,74.06,99.92,61.57,English,48.88,High
9.59,8.88,6.77,86.92,90.48,33.85,44.89,CS,66.63,Medium
7.64,5.68,7.69,85.1,97.53,70.5,51.6,Math,52.94,Medium
5.99,4.91,6.75,88.18,51.1,35.78,97.04,Math,44.15,High
6.51,7.95,1.01,71.08,99.13,40.82,64.52,Math,51.22,Medium
4.78,7.29,5.45,48.42,54.31,60.77,68.0,Chemistry,49.02,High
3.23,6.49,1.36,80.27,90.72,65.73,43.16,English,49.74,High
4.2,6.78,2.8,77.23,64.02,48.12,42.25,Chemistry,63.39,Medium
7.82,7.6,1.42,84.54,56.61,52.15,83.03,None,60.64,Medium
1.13,5.14,5.23,50.19,71.99,36.09,72.29,Physics,28.78,High
2.04,8.98,5.81,51.7,82.2,51.23,70.52,None,40.69,High
1.41,8.87,1.8,93.42,69.05,97.66,54.59,CS,57.07,Medium
1.37,7.25,3.69,85.0,52.73,96.13,84.69,Chemistry,48.61,High
8.7,5.0,4.19,94.49,79.97,53.44,50.09,Chemistry,65.36,Medium
7.33,7.4,3.58,85.52,95.12,69.96,51.4,None,59.71,Medium
5.27,4.36,1.85,75.83,69.16,93.67,67.64,CS,49.17,High
1.88,4.15,3.93,79.25,60.82,30.43,57.18,Math,28.7,High
5.42,5.29,6.26,93.35,72.13,86.75,54.85,CS,44.16,High
5.26,6.31,1.5,74.73,52.42,96.39,78.71,English,56.23,Medium
2.56,8.34,1.56,77.94,91.02,36.39,79.06,None,52.08,Medium
4.9,7.64,3.48,49.39,91.32,41.3,89.47,CS,49.16,High
4.59,7.71,7.59,68.44,79.4,97.25,65.06,Math,59.52,Medium
6.54,6.13,5.68,82.98,67.66,67.63,44.39,CS,60.57,Medium
6.72,5.73,5.75,56.26,89.99,30.99,56.42,Chemistry,46.95,High
1.41,5.86,3.53,52.14,77.73,48.03,98.8,Physics,32.68,High
4.37,8.94,5.16,58.83,91.3,61.5,75.78,Chemistry,50.97,Medium
6.63,4.2,1.07,54.49,81.57,78.5,82.58,Physics,53.98,Medium
5.53,8.34,5.45,52.89,89.22,81.32,40.44,CS,49.26,High
8.71,6.89,7.39,65.49,79.93,99.68,71.09,English,59.4,Medium
6.93,6.19,5.29,94.47,70.71,50.13,42.25,CS,53.26,Medium
2.47,7.63,7.12,70.42,97.9,67.68,74.15,Math,46.61,High
1.64,6.43,6.07,51.28,77.06,67.33,95.25,CS,38.71,High
6.78,8.37,1.84,44.62,80.25,58.4,98.11,Physics,61.3,Medium
1.24,8.5,7.32,81.77,61.02,41.84,72.43,Chemistry,44.22,High
6.27,6.11,1.47,62.97,81.28,98.42,67.49,English,56.14,Medium
9.46,5.38,4.74,89.31,78.58,89.73,96.7,CS,77.71,Low
6.18,6.96,1.99,79.57,59.24,64.88,80.42,CS,55.36,Medium
4.49,8.56,1.08,87.77,52.98,72.23,43.89,Chemistry,49.37,High
6.79,5.05,3.95,56.32,80.22,45.91,67.94,English,53.17,Medium
5.12,7.11,3.07,81.54,88.18,68.07,54.41,None,53.71,Medium
5.91,7.16,4.4,55.84,76.17,78.65,68.19,CS,56.19,Medium
9.47,7.67,5.04,96.34,61.34,66.06,67.33,CS,56.86,Medium
4.47,4.66,1.31,78.18,83.33,99.32,74.93,None,65.22,Medium
9.65,7.58,1.86,59.47,54.01,72.79,61.41,Physics,67.71,Medium
9.15,8.55,4.91,56.17,72.09,55.97,49.86,Physics,52.3,Medium
2.76,4.9,3.4,51.46,58.17,84.05,70.22,Math,34.99,High
1.62,5.19,6.1,81.68,59.22,41.93,89.81,Chemistry,49.53,High
1.91,8.86,5.57,53.12,60.11,56.92,79.84,English,39.11,High
1.16,4.9,6.92,75.72,69.34,54.29,60.3,CS,32.71,High
1.85,8.27,5.85,55.88,52.56,60.23,96.13,CS,31.92,High
7.15,6.46,4.01,79.72,69.89,84.72,94.73,Math,62.67,Medium
1.64,5.24,5.71,88.9,75.59,63.89,52.56,CS,42.09,High
3.87,8.35,2.93,86.68,74.16,85.58,42.37,Chemistry,60.4,Medium
8.6,6.23,3.14,85.65,69.14,70.35,84.48,Math,60.24,Medium
1.21,6.57,6.52,51.26,91.96,53.94,89.66,Chemistry,32.57,High
8.33,5.8,4.12,45.3,57.27,86.7,98.07,Math,60.91,Medium
3.54,6.96,6.59,81.94,75.28,46.68,93.39,CS,55.66,Medium
2.06,4.82,6.76,62.1,53.1,45.71,76.03,Math,27.68,High
7.27,5.96,7.0,65.94,53.56,65.32,71.8,Physics,57.77,Medium
6.66,8.85,7.42,41.87,78.69,48.26,41.67,English,47.93,High
8.9,5.29,4.02,55.57,78.3,30.64,54.8,CS,59.11,Medium
7.62,7.28,3.23,42.02,93.9,75.38,67.58,None,58.47,Medium
8.23,5.63,5.08,92.75,77.89,65.78,77.71,English,52.02,Medium
3.54,7.87,3.6,54.6,97.99,61.19,73.44,CS,50.47,Medium
2.6,4.65,5.21,73.44,52.43,97.69,84.56,English,51.72,Medium
7.76,8.85,5.94,42.34,54.9,69.98,56.79,Physics,48.89,High
8.26,6.27,5.82,80.01,52.2,90.44,73.9,English,59.95,Medium
9.91,5.18,3.62,59.38,59.26,39.76,45.29,Math,54.36,Medium
4.71,4.37,2.17,93.88,77.06,69.84,64.82,English,41.62,High
4.35,4.85,4.01,93.29,82.28,90.76,85.01,CS,66.95,Medium
7.99,6.6,2.0,59.52,52.28,70.82,81.6,None,55.74,Medium
4.07,5.69,7.23,94.06,97.3,80.26,99.44,None,60.5,Medium
9.38,8.14,3.42,99.77,92.11,56.04,56.67,Chemistry,72.24,Low
8.73,6.15,2.08,89.52,64.83,36.47,69.89,English,70.28,Low
4.86,5.24,1.18,90.69,53.86,62.05,59.77,None,56.58,Medium
7.76,7.09,5.52,54.94,58.49,57.61,66.44,English,52.57,Medium
7.79,7.53,5.46,74.6,56.35,90.69,91.42,None,59.62,Medium
1.93,4.84,3.38,44.04,56.16,47.08,81.05,English,39.91,High
9.12,4.84,1.5,45.7,75.93,97.67,92.95,CS,54.99,Medium
5.55,4.18,3.87,99.93,62.29,97.07,52.21,English,60.65,Medium
8.44,7.68,3.18,59.6,67.91,47.33,92.4,CS,56.63,Medium
3.88,7.32,5.74,84.89,99.48,54.36,43.59,CS,57.92,Medium
9.06,6.37,5.24,88.4,84.22,92.69,93.32,Chemistry,72.48,Low
4.5,8.22,3.55,91.48,97.45,97.66,59.74,None,67.04,Medium
1.1,8.03,2.53,99.86,57.13,61.04,58.88,Math,50.35,Medium
9.15,6.93,7.92,54.49,69.11,52.47,70.73,CS,46.71,High
1.82,8.34,4.18,42.42,77.74,66.83,96.44,None,41.17,High
3.87,5.03,5.82,64.67,53.84,78.14,42.87,Physics,45.19,High
9.55,4.56,1.98,47.8,50.21,49.14,61.13,English,55.17,Medium
9.56,5.35,4.4,41.35,83.52,81.55,91.39,Physics,67.33,Medium
6.16,4.29,1.19,61.63,82.09,33.62,63.76,English,52.93,Medium
6.69,6.66,4.54,87.02,70.54,33.45,51.95,Chemistry,50.33,Medium
5.04,8.68,7.75,73.97,74.48,57.04,65.49,CS,48.38,High
3.64,4.2,3.69,58.77,70.77,54.74,63.13,Math,42.84,High
3.96,4.61,1.27,79.26,51.2,52.09,94.92,CS,39.64,High
7.05,6.26,1.22,53.92,66.77,64.37,85.72,English,66.64,Medium
7.77,8.67,3.72,40.86,58.85,52.45,70.31,Math,57.26,Medium
8.12,5.58,2.12,85.86,54.92,43.46,99.3,CS,69.64,Medium
8.11,6.54,1.16,77.42,97.84,51.66,67.92,Math,58.23,Medium
1.82,4.21,6.29,85.74,79.97,98.24,43.49,English,50.11,Medium
5.45,4.74,4.21,42.34,86.43,58.78,55.74,Chemistry,56.25,Medium
1.52,8.93,3.02,90.23,65.77,61.13,66.16,Chemistry,44.92,High
5.95,8.83,7.3,77.17,69.66,70.36,49.41,CS,59.04,Medium
4.97,4.02,1.81,73.8,61.85,98.83,96.85,Physics,57.18,Medium
8.99,8.76,7.69,77.48,54.85,46.91,86.01,English,54.47,Medium
4.16,7.2,3.2,91.87,58.95,77.69,56.1,CS,58.1,Medium
2.05,8.34,7.22,75.22,89.88,80.12,75.45,CS,54.18,Medium
2.29,6.27,5.22,74.86,83.88,72.51,83.29,Chemistry,45.84,High
7.85,6.58,6.79,99.44,77.35,36.2,96.48,Math,69.43,Medium
6.56,6.44,7.89,85.4,73.75,77.38,92.9,English,51.34,Medium
1.91,7.33,3.02,66.54,96.12,34.49,70.91,Math,38.74,High
1.76,4.7,7.73,82.44,53.64,71.73,86.48,None,42.07,High
7.31,4.15,3.73,63.35,64.03,81.77,73.73,None,55.52,Medium
1.65,5.54,3.7,53.73,67.5,44.77,73.16,English,34.45,High
8.4,7.52,3.38,75.81,89.12,88.91,46.88,Physics,70.6,Low
7.36,5.01,4.79,95.69,99.63,32.12,47.57,None,60.84,Medium
1.73,7.37,2.08,95.75,62.03,89.07,71.77,Chemistry,59.03,Medium
1.76,8.85,4.88,60.51,93.72,62.22,56.13,Physics,45.5,High
9.88,4.47,4.79,71.66,91.53,45.23,41.26,CS,61.76,Medium
4.37,7.36,6.33,52.7,61.23,39.36,83.37,None,42.34,High
4.34,6.22,6.84,99.74,69.97,96.73,41.95,Chemistry,64.41,Medium
8.32,8.34,4.08,98.87,70.48,35.09,75.72,CS,63.06,Medium
9.53,4.89,3.12,78.97,98.91,43.94,72.35,Physics,75.87,Low
9.87,7.46,2.82,88.26,59.04,54.35,98.13,English,72.04,Low
7.78,8.19,2.36,82.91,89.96,73.42,69.05,CS,62.32,Medium
4.39,8.72,1.4,75.59,66.71,68.14,43.82,Math,62.47,Medium
1.75,7.42,3.4,43.2,86.54,38.8,73.1,English,41.22,High
7.99,6.49,2.89,67.29,71.0,50.28,90.47,English,65.71,Medium
6.03,7.09,7.76,80.49,78.92,46.71,99.81,Physics,62.69,Medium
4.82,8.34,4.9,80.65,91.63,44.95,65.82,Physics,57.72,Medium
9.16,6.85,3.43,62.39,90.21,58.78,59.22,Chemistry,60.08,Medium
2.0,4.15,5.06,96.5,93.32,79.28,94.4,Chemistry,57.05,Medium
5.43,8.65,1.97,50.04,52.98,45.22,51.47,Math,49.57,High
1.1,7.45,4.11,70.02,84.6,55.67,76.93,English,48.97,High
5.22,7.38,5.38,81.45,57.0,57.36,64.34,Math,42.13,High
1.51,5.08,4.42,81.83,70.79,98.35,42.46,Math,46.72,High
2.07,7.29,3.81,78.92,77.43,96.83,60.84,Physics,48.4,High
2.06,5.97,7.96,56.52,70.14,86.01,55.91,Math,46.92,High
6.84,7.26,7.16,49.37,75.98,46.92,81.17,Math,54.23,Medium
7.71,4.53,5.36,78.16,99.83,34.76,96.93,CS,60.7,Medium
6.25,7.29,4.99,75.96,56.76,52.18,56.08,Chemistry,55.7,Medium
9.66,9.0,5.34,50.76,83.77,48.68,88.69,Chemistry,59.57,Medium
4.37,4.24,2.41,82.31,69.8,65.41,43.32,English,57.32,Medium
3.57,8.89,3.77,67.31,56.65,84.44,72.29,Chemistry,63.25,Medium
8.82,6.03,1.28,80.07,57.94,90.08,44.23,None,67.02,Medium
3.01,8.35,4.33,90.24,97.46,89.14,96.04,English,70.0,Medium
9.67,7.91,4.8,50.18,93.98,55.18,85.98,CS,61.94,Medium
1.11,6.84,2.59,41.15,95.35,78.11,79.48,Chemistry,39.97,High
9.73,7.69,7.75,86.75,99.58,51.9,89.43,CS,69.76,Medium
1.39,8.39,7.37,76.58,60.42,34.26,78.85,Chemistry,43.54,High
9.02,6.02,6.06,81.98,67.77,79.11,98.14,Chemistry,64.45,Medium
5.75,5.64,4.73,90.29,83.46,30.69,82.84,CS,58.54,Medium
9.94,7.34,7.09,88.17,74.19,58.64,95.48,Math,70.76,Low
1.66,8.04,1.91,97.66,70.92,53.06,71.03,Math,48.34,High
5.98,7.81,6.53,72.16,67.89,78.54,47.02,Math,56.52,Medium
9.72,7.99,1.87,69.31,79.69,83.64,71.69,None,76.1,Low
5.71,6.18,6.56,64.11,78.78,51.29,47.61,Math,48.42,High
6.66,8.09,2.93,49.22,58.07,86.81,75.55,Chemistry,63.52,Medium
7.26,4.6,7.14,74.36,73.59,50.57,68.95,Physics,46.01,High
5.09,6.72,7.61,56.62,77.67,61.24,77.35,CS,50.49,Medium
6.65,4.03,2.04,95.28,78.51,80.89,40.6,Physics,53.83,Medium
6.26,5.62,4.24,74.99,60.51,78.5,51.69,None,48.34,High
9.11,5.83,7.87,75.57,87.11,99.12,69.48,Physics,61.19,Medium
1.41,5.98,4.38,61.3,51.26,45.76,97.03,English,35.06,High
3.53,7.48,7.04,43.12,67.74,76.36,63.02,Math,39.59,High
9.55,5.94,5.12,41.9,89.01,72.68,65.46,None,57.7,Medium
9.01,6.24,3.63,65.4,78.19,94.06,82.88,Chemistry,71.05,Low
5.1,5.19,3.0,45.07,63.06,40.95,76.23,Math,42.97,High
6.58,5.87,2.42,76.41,84.75,82.63,57.94,Math,52.71,Medium
3.5,5.14,6.33,92.86,78.37,69.78,64.65,Physics,55.66,Medium
2.69,4.37,3.71,92.97,89.81,49.23,53.06,English,43.2,High
5.17,7.02,4.58,79.54,86.75,63.21,97.96,Math,59.29,Medium
4.18,7.34,4.45,52.67,80.51,53.36,47.84,CS,47.95,High
6.25,7.1,5.04,91.78,74.41,70.55,62.31,CS,61.32,Medium
1.7,6.32,7.06,93.17,56.66,92.23,41.55,Math,49.81,High
9.77,5.9,7.87,51.8,63.07,69.85,53.31,Physics,56.78,Medium
9.88,8.32,3.85,84.25,70.95,74.22,86.83,Physics,69.05,Medium
7.28,6.6,6.79,57.19,79.96,66.31,52.07,Chemistry,63.47,Medium
5.82,6.4,6.35,88.16,75.69,33.58,44.8,None,51.81,Medium
3.79,4.13,5.01,99.83,64.41,46.3,68.47,None,47.79,High
8.32,5.71,7.69,41.8,50.32,64.44,40.6,None,50.39,Medium
7.16,5.9,2.4,93.84,74.81,51.72,45.09,English,61.53,Medium
2.46,5.99,1.76,77.36,64.28,42.72,88.46,Physics,50.4,Medium
9.2,6.9,6.98,98.4,86.73,65.29,86.29,Chemistry,82.34,Low
8.4,6.67,4.07,67.9,51.2,52.6,94.91,CS,59.01,Medium
9.55,7.04,6.93,90.84,79.24,48.07,91.27,None,65.94,Medium
7.53,7.82,7.25,43.74,97.07,62.48,80.99,CS,56.7,Medium
6.52,8.06,1.44,60.12,58.72,39.33,43.14,CS,58.46,Medium
4.76,7.59,7.18,44.02,73.58,94.94,86.97,Math,42.93,High
9.39,8.78,4.14,98.52,54.57,90.74,90.73,English,66.0,Medium
8.79,4.09,4.57,89.02,81.28,79.53,87.94,Chemistry,63.29,Medium
1.41,4.98,5.39,91.15,77.53,37.43,70.51,English,34.21,High
1.24,4.04,7.48,96.28,70.37,84.31,53.97,Math,39.66,High
4.39,7.24,1.13,45.11,76.07,86.56,90.72,Chemistry,57.56,Medium
8.29,8.49,4.34,63.14,94.83,83.74,83.63,Chemistry,63.53,Medium
9.89,5.22,5.81,44.26,59.81,37.98,98.85,Physics,48.11,High
2.35,8.64,6.06,52.65,51.13,75.07,49.34,English,41.21,High
6.35,4.3,5.85,53.76,93.08,88.4,53.54,English,55.04,Medium
4.43,8.67,1.94,68.15,78.86,70.41,52.71,Physics,47.49,High
9.73,5.76,3.1,56.11,94.53,75.25,87.55,CS,70.92,Low
8.58,4.51,3.51,46.06,79.85,62.09,51.21,Math,57.31,Medium
8.54,6.43,6.63,50.05,90.51,67.01,44.0,English,59.31,Medium
5.22,5.28,2.95,48.84,71.48,32.41,99.91,Physics,54.26,Medium
4.73,5.42,2.47,98.38,87.49,74.73,41.49,Chemistry,68.55,Medium
3.46,5.54,7.7,85.56,95.65,35.7,90.11,None,46.73,High
1.51,8.02,1.06,98.07,78.61,60.45,61.92,Physics,54.99,Medium
8.78,6.7,7.98,66.38,59.04,50.49,90.5,None,55.21,Medium
8.32,5.56,5.74,56.7,63.44,68.18,73.28,CS,55.23,Medium
10.0,7.05,6.8,87.9,59.93,39.34,94.1,Math,73.35,Low
9.97,7.58,3.06,59.58,62.34,78.42,95.57,None,62.06,Medium
6.0,5.36,1.1,57.96,65.32,85.65,40.55,CS,48.38,High
7.92,6.07,6.17,53.95,77.76,41.43,44.52,None,56.79,Medium
9.5,4.61,6.84,47.78,79.4,37.3,55.02,Chemistry,55.66,Medium
8.65,4.91,6.18,55.39,71.32,40.19,80.16,Chemistry,51.22,Medium
3.23,7.41,2.0,61.32,80.77,91.4,93.3,Chemistry,60.26,Medium
5.05,4.91,6.27,80.44,54.08,66.97,67.6,Chemistry,50.38,Medium
2.16,6.63,6.38,43.75,54.39,62.71,76.42,Physics,44.57,High
9.59,7.55,5.61,52.63,58.59,37.47,51.31,Chemistry,55.31,Medium
6.46,4.53,6.36,88.54,75.9,75.47,88.3,Chemistry,63.38,Medium
3.06,6.84,6.92,48.82,60.7,90.76,98.04,Physics,58.9,Medium
7.05,5.28,5.3,60.56,64.16,87.97,56.12,Chemistry,56.17,Medium
6.56,8.81,1.62,91.88,70.02,73.82,69.69,CS,67.99,Medium
4.22,6.42,4.41,49.3,90.59,35.27,45.17,CS,46.35,High
2.02,8.03,1.54,44.96,50.69,37.87,73.55,English,38.93,High
7.04,6.75,3.85,69.07,82.47,33.45,70.17,CS,68.25,Medium
5.68,4.22,3.85,58.15,83.44,48.02,48.67,Math,47.23,High
7.95,7.17,1.46,73.8,89.93,39.5,66.52,Math,62.16,Medium
5.68,8.76,3.44,88.23,96.64,48.2,60.05,Math,57.85,Medium
8.67,7.01,1.78,48.23,51.01,56.95,71.31,Physics,63.47,Medium
5.97,8.1,6.66,74.84,57.69,96.01,75.14,CS,62.59,Medium
6.05,8.42,7.63,70.33,94.31,72.73,40.51,Math,52.45,Medium
8.89,5.14,1.51,48.64,72.93,88.45,85.66,English,65.74,Medium
4.63,5.06,7.69,77.44,78.23,79.72,82.78,Physics,43.5,High
2.21,7.05,4.66,56.42,83.15,37.88,61.98,English,41.95,High
1.26,6.06,3.1,69.27,83.95,81.51,43.18,CS,46.12,High
7.8,8.2,1.54,44.94,96.59,49.26,85.3,Chemistry,70.89,Low
6.58,8.5,4.5,67.58,99.85,74.74,97.31,English,61.55,Medium
7.34,5.77,6.56,58.39,86.01,53.87,54.41,Chemistry,45.15,High
2.92,5.18,5.95,89.34,64.36,99.84,59.41,Physics,44.87,High
2.23,7.9,1.35,43.42,93.99,48.45,51.03,English,37.42,High
1.13,5.37,1.51,65.12,52.46,49.54,74.62,English,46.75,High
4.16,8.11,3.82,67.51,61.55,95.15,49.29,None,60.58,Medium
6.31,6.12,3.07,83.5,94.87,31.73,61.37,Physics,58.98,Medium
4.53,7.34,2.63,74.46,62.81,78.77,81.82,Physics,63.04,Medium
4.94,4.48,2.97,80.03,61.03,80.77,73.61,Math,54.31,Medium
9.14,7.12,6.62,86.62,56.91,88.55,63.19,CS,64.61,Medium
4.13,6.26,7.5,91.73,92.96,98.21,65.21,English,54.54,Medium
5.63,6.93,3.84,58.83,75.0,98.29,73.73,English,55.55,Medium
8.05,4.84,7.34,72.28,83.74,34.57,40.35,Physics,42.63,High
4.57,7.68,3.25,90.41,61.95,87.53,44.71,Physics,58.52,Medium
6.6,8.31,4.34,99.37,87.9,75.24,92.88,CS,69.91,Medium
8.76,5.08,2.58,93.37,88.0,75.31,44.67,Physics,70.15,Low
9.55,4.48,5.48,62.29,65.63,38.98,82.41,Chemistry,56.73,Medium
2.32,4.12,7.85,51.71,70.53,75.51,95.2,Chemistry,37.79,High
9.34,7.21,5.22,69.36,60.48,98.77,56.24,None,60.01,Medium
5.43,7.04,3.5,84.5,98.83,93.83,62.23,Chemistry,63.37,Medium
3.32,6.73,5.53,69.55,82.28,60.74,74.14,Chemistry,52.19,Medium
5.13,5.16,1.86,68.99,96.73,32.8,92.9,CS,49.03,High
9.82,5.95,7.22,90.29,65.17,55.36,96.51,English,66.46,Medium
5.43,6.97,4.52,61.68,89.09,87.85,84.37,Chemistry,59.15,Medium
3.96,6.48,4.15,91.59,88.29,79.1,45.2,None,51.46,Medium
6.7,8.94,5.1,64.41,84.58,62.15,80.15,Physics,57.69,Medium
3.16,4.68,5.37,59.69,98.28,33.86,64.62,Chemistry,42.32,High
1.68,7.48,1.5,67.24,69.68,59.88,68.24,None,41.48,High
2.16,6.02,5.78,85.75,56.54,62.83,42.95,CS,43.78,High
2.15,6.14,2.69,47.56,83.59,95.0,51.46,Physics,39.94,High
2.37,7.59,6.0,51.79,86.47,74.88,87.43,None,51.85,Medium
2.25,7.46,6.76,97.09,78.75,51.82,67.24,Chemistry,60.95,Medium
6.77,8.96,6.63,50.53,60.34,66.77,58.1,English,48.05,High
2.64,4.64,4.87,74.06,75.22,34.62,63.04,Physics,43.46,High
4.11,4.52,4.64,74.76,65.61,98.08,91.26,Physics,49.23,High
9.07,7.62,2.0,69.38,71.37,55.2,84.94,English,72.34,Low
5.27,6.89,6.43,78.68,82.26,63.45,56.34,Physics,46.69,High
7.01,5.37,2.9,53.79,87.26,54.87,47.05,Chemistry,54.76,Medium
2.55,4.4,4.48,73.16,61.61,77.78,55.12,Physics,38.21,High
2.73,4.43,2.99,62.33,70.27,76.36,95.25,Chemistry,46.1,High
1.37,8.47,1.94,79.7,63.46,80.07,74.9,English,46.82,High
2.52,4.96,5.41,48.47,59.93,48.77,72.01,Math,40.21,High
3.51,5.62,1.38,74.25,89.17,52.1,75.78,English,48.18,High
2.59,5.13,6.24,51.12,95.46,38.77,61.96,Chemistry,40.54,High
1.8,5.77,3.22,56.72,68.51,75.89,88.43,CS,42.84,High
2.09,4.35,1.0,53.12,87.56,32.79,71.4,English,39.96,High
5.15,6.6,4.58,50.97,94.85,71.84,47.0,CS,50.48,Medium
2.86,4.34,1.33,89.54,92.31,90.88,47.74,CS,49.51,High
4.28,8.0,2.93,57.14,59.14,92.36,72.21,Chemistry,54.62,Medium
5.53,5.17,5.95,95.63,97.81,61.43,96.19,Chemistry,67.95,Medium
7.21,6.7,1.44,98.2,68.83,62.15,58.5,Math,61.34,Medium
1.35,8.4,6.88,74.28,66.96,35.39,92.17,None,49.28,High
8.19,7.25,1.03,48.58,53.12,76.95,85.85,Physics,69.14,Medium
6.65,6.66,2.73,62.47,74.31,87.49,54.87,English,53.98,Medium
1.74,5.62,6.19,87.86,55.45,47.13,42.18,Chemistry,31.36,High
8.86,5.67,3.21,62.04,62.43,59.49,46.11,English,58.16,Medium
9.29,7.35,1.71,45.22,65.85,88.72,83.71,None,62.66,Medium
1.55,8.97,3.52,73.41,90.44,91.4,51.98,None,61.22,Medium
3.49,7.31,2.89,90.71,93.77,47.02,62.28,CS,55.42,Medium
8.26,6.79,6.9,87.76,65.12,68.54,70.1,Physics,57.84,Medium
7.73,7.65,3.19,50.51,92.93,43.47,83.53,Math,53.98,Medium
2.66,6.33,6.52,80.37,92.86,37.13,46.79,English,48.82,High
2.88,4.3,7.24,53.23,88.23,93.78,64.38,Physics,38.85,High
4.33,6.81,4.04,53.09,57.33,87.44,69.1,Math,49.24,High
5.36,8.79,7.37,92.44,84.52,83.2,72.45,English,66.5,Medium
6.56,4.88,3.64,54.98,97.25,33.41,89.1,Physics,50.64,Medium
4.32,7.45,7.75,55.79,84.13,89.06,50.3,Chemistry,47.51,High
5.16,5.0,1.63,40.04,66.58,60.66,88.47,English,48.29,High
7.73,6.68,5.81,92.24,75.03,53.97,81.57,Physics,66.45,Medium
1.33,4.48,4.46,87.56,82.29,68.25,73.35,None,48.45,High
3.27,6.25,3.71,77.64,75.53,36.39,81.97,Math,47.66,High
7.42,7.78,5.43,85.02,56.0,82.97,64.72,Physics,62.48,Medium
9.06,5.74,5.93,49.12,65.6,70.77,48.3,Chemistry,51.76,Medium
5.61,7.32,1.03,67.5,90.12,43.06,79.95,English,51.39,Medium
5.79,7.98,2.17,61.07,93.07,43.18,71.48,English,58.55,Medium
1.96,8.64,5.99,45.63,56.87,42.9,78.36,English,48.27,High
5.03,5.17,5.66,69.17,97.62,33.99,60.28,Chemistry,43.27,High
5.79,6.0,7.76,95.24,66.44,71.15,94.41,Math,54.1,Medium
3.18,4.76,6.33,42.4,83.12,88.82,75.24,English,37.62,High
3.42,8.96,7.66,57.49,87.59,31.22,45.12,Math,45.86,High
4.4,8.64,5.92,52.45,90.6,33.43,66.99,Physics,49.86,High
1.18,6.7,3.09,54.29,97.29,70.09,85.38,None,45.26,High
3.9,8.21,1.74,94.51,65.65,87.36,87.65,None,58.7,Medium
2.9,6.6,6.47,68.08,92.93,52.87,69.68,Math,46.32,High
3.95,7.12,5.51,67.98,56.58,54.47,93.68,Math,41.28,High
2.08,4.45,1.34,85.63,85.25,71.74,56.06,None,49.68,High
9.01,7.78,3.52,49.27,87.1,49.19,64.64,English,64.99,Medium
6.34,4.64,7.7,69.24,83.89,31.86,93.92,CS,43.67,High
7.11,8.13,4.5,65.8,62.62,81.47,93.78,CS,54.76,Medium
8.1,7.91,4.03,75.81,93.65,73.8,81.14,Chemistry,76.01,Low
5.49,7.54,4.2,99.97,58.44,70.65,91.54,None,59.83,Medium
1.78,4.18,2.46,86.17,52.68,81.92,45.33,None,49.17,High
5.83,5.52,3.58,63.87,85.87,77.27,91.9,Chemistry,56.79,Medium
6.28,5.32,3.59,89.65,73.77,44.41,59.24,CS,54.95,Medium
7.71,5.8,1.37,50.24,92.45,54.67,50.7,Physics,58.63,Medium
4.88,4.44,6.37,41.83,69.17,38.83,54.36,English,32.68,High
2.15,8.68,3.92,52.27,58.41,39.09,65.08,English,41.86,High
3.55,6.77,6.76,60.42,91.82,77.33,55.07,Physics,44.88,High
4.27,5.53,6.95,70.63,77.45,90.1,59.23,Physics,42.21,High
6.81,5.98,2.48,76.91,59.46,97.39,48.1,CS,61.09,Medium
6.14,6.24,5.6,94.64,86.02,73.98,57.77,Chemistry,58.48,Medium
4.2,7.0,4.31,70.59,75.56,42.89,74.34,Physics,49.32,High
9.88,6.58,7.16,70.08,80.22,37.4,66.51,Chemistry,53.78,Medium
6.45,8.6,2.51,43.01,73.04,86.9,60.8,Math,65.15,Medium
3.14,6.48,5.74,42.09,91.44,70.51,84.79,English,49.3,High
1.92,8.96,5.25,73.07,91.48,73.28,93.61,CS,58.25,Medium
2.38,8.26,3.07,66.29,85.47,84.7,85.41,English,52.55,Medium
3.21,5.04,1.96,90.35,55.27,79.23,59.92,CS,42.51,High
2.45,8.65,5.56,49.64,91.94,88.41,84.67,Math,59.73,Medium
2.68,4.58,6.17,41.5,83.55,33.93,49.12,English,32.05,High
3.57,8.09,3.21,66.94,84.85,82.33,47.82,Math,48.98,High
2.56,5.9,5.51,54.25,68.15,89.56,60.74,CS,44.52,High
9.07,8.39,3.77,42.98,93.96,50.03,88.46,Physics,69.17,Medium
1.72,8.34,5.99,83.48,86.27,74.83,54.78,English,48.99,High
5.72,8.03,2.39,46.7,55.63,51.99,43.8,Math,54.83,Medium
4.69,7.95,7.23,76.5,70.39,97.06,47.9,None,58.68,Medium
9.84,5.52,3.01,56.86,94.32,32.34,91.52,English,57.69,Medium
2.01,4.4,3.57,50.41,52.36,70.59,78.03,English,34.86,High
4.58,6.01,1.41,62.79,98.07,41.66,55.19,English,55.9,Medium
9.73,4.87,1.78,88.09,83.96,79.86,73.32,Chemistry,57.6,Medium
8.79,7.47,4.61,63.53,81.57,42.31,71.65,Math,60.09,Medium
8.35,5.73,2.87,85.05,63.53,46.48,79.33,Math,55.39,Medium
3.32,8.88,6.85,47.53,62.44,64.61,53.99,English,40.0,High
2.54,7.2,1.1,86.37,97.1,94.04,91.86,Physics,60.13,Medium
7.02,8.11,3.65,54.22,64.91,44.82,58.56,English,51.94,Medium
9.36,4.66,3.36,80.64,88.78,40.1,81.65,Chemistry,61.46,Medium
6.01,8.31,1.14,73.95,69.66,83.13,40.97,CS,55.04,Medium
6.14,8.61,1.87,95.75,56.96,65.04,62.36,Chemistry,75.46,Low
3.52,6.44,3.9,63.24,50.54,93.82,61.1,Physics,57.09,Medium
7.93,7.03,4.45,43.97,77.21,40.26,72.61,English,47.9,High
2.68,7.82,3.83,41.15,98.79,75.21,44.36,Math,52.59,Medium
3.91,4.87,4.72,89.61,68.46,46.3,87.41,None,48.52,High
4.83,6.51,5.17,71.48,67.86,40.97,53.07,English,47.81,High
5.57,5.99,1.07,86.51,67.2,77.84,80.62,Physics,61.39,Medium
3.18,4.73,4.25,54.07,76.03,71.56,88.19,Math,41.9,High
2.03,5.84,7.74,60.71,72.03,82.84,73.71,Chemistry,46.01,High
6.5,4.34,4.63,41.81,94.0,51.66,84.45,CS,50.12,Medium
3.6,4.13,5.74,97.69,75.28,61.36,79.71,CS,48.23,High
6.23,4.68,3.18,80.07,75.39,58.38,61.33,English,48.41,High
2.39,8.82,6.42,95.99,56.92,98.89,88.53,Chemistry,51.94,Medium
5.33,6.75,6.41,55.93,99.14,50.46,57.68,None,40.74,High
5.79,8.83,4.65,76.69,62.5,50.64,74.27,None,57.22,Medium
1.47,6.16,7.83,80.71,53.67,54.82,84.72,Physics,34.56,High
4.03,5.56,1.88,59.05,83.16,69.52,62.74,CS,48.56,High
2.21,6.53,1.12,90.89,79.77,47.66,58.17,Chemistry,57.79,Medium
1.57,6.2,6.39,96.83,70.76,94.07,67.56,English,55.43,Medium
9.91,4.53,6.65,93.09,71.11,48.6,89.08,Math,64.25,Medium
3.9,7.2,1.84,84.34,89.25,92.71,95.8,English,62.93,Medium
8.29,5.08,2.86,56.65,59.79,37.24,72.71,English,63.19,Medium
3.29,7.1,1.12,56.9,91.01,75.96,79.69,Chemistry,56.4,Medium
7.13,7.25,3.05,97.8,82.44,93.49,94.2,CS,70.59,Low
7.84,4.76,6.41,40.62,70.95,41.81,45.91,Chemistry,37.19,High
6.36,4.31,4.63,82.96,72.9,97.78,53.92,Math,58.76,Medium
5.24,7.9,3.44,82.37,62.83,61.7,82.53,Chemistry,62.86,Medium
4.71,6.3,3.6,77.36,87.61,96.2,89.42,Physics,57.25,Medium
4.14,4.29,1.01,99.41,75.64,77.38,91.42,English,61.56,Medium
9.37,8.97,3.1,58.71,66.04,51.11,64.91,CS,61.91,Medium
8.48,4.29,5.53,60.4,79.8,43.18,45.36,None,50.09,Medium
9.69,7.48,7.82,44.74,99.79,51.26,66.27,Math,45.85,High
2.12,8.92,6.93,66.57,71.76,36.51,53.84,None,40.16,High
7.58,5.2,1.17,55.66,96.03,40.07,57.47,English,60.91,Medium
9.45,4.71,7.29,60.6,67.25,37.33,86.34,Chemistry,51.44,Medium
2.63,4.61,6.48,90.07,52.74,59.61,44.53,None,40.97,High
1.6,5.52,6.46,96.13,60.21,85.69,89.65,Physics,44.81,High
7.67,4.51,4.21,51.14,70.93,39.9,65.66,Chemistry,51.41,Medium
6.17,7.46,3.79,62.35,60.98,39.12,75.76,English,51.81,Medium
8.58,4.31,3.12,95.72,50.01,75.04,45.38,None,56.28,Medium
2.26,6.55,1.46,43.71,95.75,43.8,60.24,Math,49.39,High
8.16,8.98,2.6,45.54,92.19,36.83,45.38,None,62.46,Medium
2.81,8.07,2.73,49.77,87.11,41.68,97.69,None,45.99,High
2.47,7.08,4.39,75.71,58.39,94.66,88.44,CS,54.19,Medium
2.48,5.53,6.23,49.03,56.02,87.5,67.58,None,41.86,High
8.33,7.12,4.32,98.08,53.38,54.78,53.42,English,66.18,Medium
6.99,6.64,1.4,66.8,86.2,75.91,96.01,Math,56.72,Medium
5.71,6.13,7.7,70.09,96.44,67.61,60.68,English,57.28,Medium
4.23,4.65,7.6,54.8,71.53,77.4,49.66,Physics,37.92,High
8.89,8.43,6.5,68.26,55.96,77.79,73.79,Chemistry,61.01,Medium
4.53,6.25,7.94,79.71,75.62,74.01,96.63,None,66.52,Medium
8.35,4.97,4.81,85.07,67.44,48.63,40.23,CS,57.68,Medium
4.95,5.84,7.74,85.23,68.74,32.73,54.29,Math,44.09,High
4.39,6.07,1.53,74.67,81.07,61.89,96.31,CS,46.39,High
5.16,8.14,3.56,94.26,85.94,92.37,50.27,CS,70.22,Low
3.71,7.67,2.58,89.04,55.53,69.86,46.79,CS,46.51,High
7.73,7.85,2.37,85.42,51.78,88.27,74.21,None,62.21,Medium
5.52,4.06,1.99,43.34,99.72,99.41,91.71,Math,54.0,Medium
3.09,6.08,5.36,40.41,61.64,41.45,68.63,Math,43.83,High
9.1,6.41,6.47,52.75,52.69,78.42,99.67,CS,63.38,Medium
4.46,4.1,5.05,79.81,59.49,77.2,80.75,Chemistry,49.15,High
5.89,5.3,2.03,64.67,51.95,98.6,44.44,None,54.62,Medium
9.16,7.8,6.68,64.14,69.59,98.99,99.57,None,64.56,Medium
6.62,4.69,5.45,93.08,90.12,78.07,64.47,English,60.7,Medium
2.05,6.68,3.72,93.73,67.06,47.05,57.24,None,47.68,High
9.46,5.08,5.72,94.55,72.21,85.9,73.47,CS,72.45,Low
6.65,4.06,2.82,58.83,83.78,37.49,58.26,Physics,54.45,Medium
4.01,5.21,3.42,81.46,75.44,84.65,45.19,CS,53.72,Medium
2.25,8.88,7.42,56.3,93.07,93.71,40.09,Math,43.67,High
8.15,8.01,3.03,51.44,93.3,56.8,66.98,None,65.05,Medium
6.58,8.8,4.29,51.08,50.5,74.14,90.21,None,56.6,Medium
5.8,6.44,7.23,60.53,88.9,60.11,74.34,English,45.96,High
9.05,4.55,5.95,65.8,73.04,60.64,99.95,Physics,57.99,Medium
8.1,6.74,1.44,89.86,99.44,51.73,57.21,None,68.15,Medium
2.37,6.27,2.03,47.19,74.16,83.35,56.83,English,48.71,High
3.81,8.22,1.05,84.1,99.34,95.53,49.58,English,61.14,Medium
3.24,4.49,5.42,71.89,87.73,95.85,49.84,Physics,41.08,High
7.7,6.44,4.13,57.28,62.43,42.23,57.11,CS,52.68,Medium
1.3,4.75,1.94,69.57,76.92,91.23,87.57,CS,48.49,High
6.13,5.62,7.71,58.0,99.61,81.62,94.35,CS,56.14,Medium
7.86,7.69,4.71,75.76,92.88,47.7,98.51,Chemistry,70.14,Low
8.89,6.38,2.69,66.03,54.87,34.71,53.94,CS,61.76,Medium
4.08,5.88,4.5,49.86,85.32,48.76,92.88,Physics,44.21,High
8.39,5.97,5.76,46.99,67.28,93.85,59.7,Chemistry,52.58,Medium
2.0,6.3,1.53,72.8,50.35,74.32,46.77,CS,39.4,High
8.62,7.93,2.92,94.14,70.17,80.47,92.2,Chemistry,77.12,Low
2.15,8.46,6.65,60.64,61.74,48.0,78.17,Physics,49.57,High
4.58,8.78,4.22,83.98,90.94,80.36,49.88,CS,57.73,Medium
8.18,7.93,4.83,79.52,66.87,31.97,65.79,Math,58.67,Medium
2.35,5.58,4.03,95.89,91.38,56.27,57.24,None,57.21,Medium
3.06,7.44,1.31,89.26,50.03,73.87,84.21,Physics,58.7,Medium
7.5,6.19,2.16,74.0,65.39,40.23,67.2,English,60.14,Medium
7.48,5.27,4.12,79.42,62.06,87.61,99.36,English,57.32,Medium
6.77,8.2,2.46,93.9,61.68,46.45,43.28,Physics,64.08,Medium
7.25,4.19,1.35,63.97,53.41,75.66,61.3,English,50.24,Medium
5.88,8.51,6.91,59.61,59.36,58.36,68.91,Physics,45.48,High
3.27,6.31,7.87,40.65,77.78,71.72,70.19,Math,38.12,High
4.11,7.19,6.55,89.59,64.57,37.52,58.96,Physics,45.6,High
2.63,7.3,6.98,88.06,70.87,31.18,83.75,CS,45.64,High
9.18,8.48,2.69,46.27,68.84,93.67,92.48,CS,60.51,Medium
6.25,7.18,7.72,74.61,93.8,48.87,96.32,Chemistry,62.29,Medium
4.61,7.07,2.38,67.84,95.26,87.38,88.31,English,66.05,Medium
5.16,4.33,7.66,47.12,74.65,99.95,91.03,None,37.99,High
9.53,6.59,7.96,98.83,66.51,44.8,73.03,English,68.83,Medium
2.38,4.75,5.98,52.88,55.34,48.56,89.55,Physics,32.96,High
6.28,7.69,7.87,44.03,97.67,76.4,58.21,None,55.67,Medium
5.55,6.56,4.99,75.69,53.01,97.58,63.91,None,54.98,Medium
6.5,7.4,2.82,84.33,64.88,94.11,59.01,English,63.35,Medium
1.16,4.21,4.06,41.95,64.9,65.2,68.04,None,32.44,High
8.85,4.42,5.15,79.52,66.02,85.66,57.13,None,66.45,Medium
9.39,7.58,1.51,71.94,58.21,39.5,97.7,CS,61.06,Medium
6.09,4.36,5.36,46.2,89.16,98.42,58.77,Math,53.31,Medium
7.27,4.36,7.87,50.35,56.12,97.5,45.88,Physics,52.37,Medium
9.3,4.06,2.33,74.08,81.75,41.46,71.61,English,64.9,Medium
7.37,8.78,6.55,57.78,56.19,50.96,43.43,CS,63.28,Medium
2.37,7.69,7.36,96.3,53.53,37.01,46.63,Chemistry,40.44,High
6.19,5.77,7.61,89.12,95.47,49.02,53.16,None,58.89,Medium
6.46,5.48,7.72,99.01,59.51,87.12,67.86,None,57.37,Medium
4.82,5.75,4.65,55.58,91.06,56.48,66.0,English,54.65,Medium
7.63,7.87,7.84,98.18,77.23,36.19,87.98,Math,62.78,Medium
9.41,7.31,6.3,65.87,53.89,53.96,84.37,Math,58.64,Medium
9.33,4.93,2.13,60.85,97.77,98.7,65.58,English,73.49,Low
5.06,4.87,4.34,43.02,62.35,74.08,60.02,English,41.4,High
2.02,4.49,6.03,43.17,92.98,59.13,58.99,CS,28.44,High
9.86,7.3,2.73,81.52,58.44,41.66,86.44,English,65.25,Medium
8.55,7.82,5.48,67.48,92.7,99.03,43.12,Chemistry,67.7,Medium
2.12,5.33,5.67,53.59,50.66,87.46,40.77,CS,43.19,High
9.29,4.1,2.14,76.84,75.59,49.7,87.73,None,64.46,Medium
8.83,4.41,4.96,55.17,88.47,34.9,68.63,None,60.56,Medium
5.67,8.84,6.4,74.66,96.74,33.96,47.85,None,47.03,High
6.32,5.48,4.49,61.55,95.46,38.43,54.13,None,48.42,High
4.59,7.85,1.08,89.41,90.98,70.65,95.95,Physics,64.36,Medium
1.49,7.12,1.06,89.24,94.41,95.01,91.57,Chemistry,58.73,Medium
4.02,5.91,3.5,68.64,59.96,64.77,82.59,CS,50.29,Medium
8.23,5.03,7.48,61.05,64.21,89.01,68.93,CS,58.5,Medium
1.04,4.61,2.6,61.75,64.45,61.21,71.22,None,36.73,High
4.0,7.08,5.44,88.34,68.85,79.6,98.51,Math,58.24,Medium
4.58,7.87,2.55,59.69,69.67,81.23,97.95,CS,57.31,Medium
5.84,7.22,3.25,52.54,77.23,42.18,52.92,Chemistry,45.28,High
9.28,6.65,6.94,45.08,57.99,55.29,88.67,English,54.88,Medium
4.12,4.21,6.1,68.0,84.56,74.61,51.83,Chemistry,44.49,High
4.12,8.84,1.67,68.93,58.38,34.95,52.81,None,49.48,High
7.64,7.99,4.0,90.45,65.52,55.31,80.57,None,65.47,Medium
5.07,5.46,1.2,53.27,75.17,67.44,64.3,Physics,51.39,Medium
3.02,8.9,4.37,62.86,89.82,99.74,95.89,CS,55.49,Medium
5.07,7.01,5.64,88.5,86.97,63.22,45.34,CS,61.17,Medium
2.27,6.91,1.83,89.42,82.28,87.12,70.69,CS,50.25,Medium
2.59,7.74,3.02,63.08,57.79,60.24,95.11,None,45.38,High
5.49,8.06,3.78,67.55,77.35,85.75,94.25,CS,75.16,Low
4.77,7.28,7.44,58.2,54.37,71.68,49.39,Math,39.41,High
9.23,4.64,7.95,95.95,68.87,92.06,62.0,Math,56.81,Medium
4.26,5.69,1.31,47.12,70.68,58.77,77.15,English,51.63,Medium
6.23,8.64,6.33,96.02,51.99,72.3,49.56,CS,48.4,High
6.69,5.12,3.6,81.03,63.7,74.1,98.08,Physics,59.43,Medium
1.12,5.86,3.75,71.89,97.78,59.22,94.88,English,58.14,Medium
6.97,6.16,6.28,41.96,97.68,40.1,50.02,None,39.84,High
2.6,6.2,7.43,68.54,67.62,36.55,47.27,CS,27.31,High
9.65,7.06,7.66,64.46,52.16,31.17,45.12,Math,45.31,High
2.34,8.72,5.04,49.67,58.95,91.15,94.57,Physics,52.77,Medium
4.73,5.2,3.5,79.38,69.61,46.55,51.62,English,54.41,Medium
1.77,4.61,6.51,98.27,97.39,44.81,64.98,Physics,42.63,High
9.97,4.99,2.76,73.73,57.06,81.52,66.93,CS,68.37,Medium
5.52,8.43,4.95,82.89,88.18,52.4,75.94,Chemistry,66.68,Medium
6.36,7.23,3.51,44.11,55.43,65.42,44.3,Physics,57.5,Medium
1.6,5.43,5.6,65.06,99.06,41.38,53.61,Physics,37.74,High
7.75,8.08,2.68,46.98,69.08,97.18,95.89,None,52.92,Medium
2.89,8.31,2.34,76.77,88.76,89.61,94.5,Math,55.88,Medium
9.08,8.23,7.43,96.31,67.13,90.47,86.88,CS,69.2,Medium
2.85,8.59,1.71,79.71,81.38,58.47,41.16,Physics,51.04,Medium
2.72,5.26,4.54,44.61,59.6,83.37,59.62,CS,38.38,High
1.33,7.78,2.55,61.28,57.3,40.07,77.68,Math,47.79,High
5.25,6.3,1.27,73.04,96.9,30.6,56.51,None,60.68,Medium
6.08,8.21,1.25,64.19,95.88,31.4,94.58,CS,60.44,Medium
1.59,7.64,2.23,90.02,94.37,71.06,78.03,Math,61.06,Medium
7.98,7.88,7.07,88.88,81.27,61.88,44.31,Math,63.02,Medium
5.08,7.28,2.98,76.71,90.41,66.26,94.54,English,61.43,Medium
5.72,4.89,7.65,62.41,53.45,30.52,97.47,None,49.13,High
4.97,6.73,5.07,55.32,66.74,59.59,44.66,None,45.96,High
4.61,8.92,4.06,46.35,65.69,80.26,71.94,CS,62.19,Medium
6.04,8.69,5.06,61.29,81.78,60.99,58.2,Chemistry,48.23,High
2.4,4.22,4.62,64.79,67.8,81.26,63.57,English,39.34,High
2.64,4.82,6.31,80.55,57.43,46.31,50.78,None,38.45,High
8.76,4.66,2.98,79.49,79.82,86.92,74.68,Math,68.14,Medium
9.52,7.63,3.47,44.21,90.72,71.19,97.48,None,72.88,Low
4.36,8.09,7.26,63.72,69.11,44.75,70.18,Chemistry,46.8,High
3.44,5.07,7.63,50.91,56.61,46.57,44.97,Physics,26.45,High
6.8,6.53,7.25,49.41,59.83,73.96,77.2,Physics,54.73,Medium
4.68,8.2,3.94,89.64,61.87,88.1,60.41,None,62.81,Medium
1.23,7.66,6.46,42.51,64.99,59.09,91.36,None,28.44,High
2.41,6.71,4.33,65.15,82.14,48.08,66.08,English,44.39,High
7.44,6.95,4.48,50.09,80.05,90.69,51.57,None,48.85,High
6.93,6.54,2.43,92.76,84.8,76.85,51.47,Chemistry,61.25,Medium
1.24,5.49,5.14,73.42,68.13,61.37,86.13,None,37.94,High
3.0,6.83,2.3,53.88,91.2,64.15,55.94,CS,51.38,Medium
3.08,7.44,3.32,70.15,60.2,44.3,86.03,Chemistry,49.21,High
7.05,8.37,6.99,83.89,73.45,73.88,52.35,English,53.5,Medium
1.18,7.18,2.45,97.49,90.05,55.11,59.3,CS,55.61,Medium
1.94,7.81,1.5,53.23,59.01,99.7,67.93,CS,41.19,High
8.2,4.8,1.48,93.17,55.49,63.61,96.59,Physics,68.07,Medium
2.61,6.31,7.59,96.06,94.18,64.01,95.9,Chemistry,48.95,High
6.87,4.05,4.55,94.99,67.15,69.61,52.41,CS,54.79,Medium
3.14,5.23,3.87,78.12,84.19,94.17,61.49,English,53.98,Medium
1.89,7.63,6.68,77.79,51.27,86.06,48.96,Physics,46.3,High
3.19,8.96,6.85,64.19,84.5,61.58,70.6,CS,55.75,Medium
7.5,4.5,3.33,85.14,65.81,80.31,67.63,Chemistry,60.16,Medium
8.7,6.01,5.86,71.88,52.79,71.04,94.05,Physics,62.6,Medium
8.47,8.0,6.4,80.65,80.49,64.47,95.8,Chemistry,64.8,Medium
4.57,5.02,5.58,65.71,62.04,43.46,63.01,Chemistry,44.29,High
7.01,6.78,2.06,83.89,69.34,62.48,69.5,Chemistry,64.74,Medium
2.84,7.67,7.13,89.47,54.03,47.21,93.77,Physics,48.38,High
3.64,7.08,4.77,48.79,57.36,94.04,88.4,CS,39.66,High
9.07,4.94,2.98,89.98,64.9,53.48,40.22,None,62.61,Medium
1.12,5.78,3.98,72.42,54.49,96.66,59.2,Math,44.82,High
1.77,7.92,1.26,90.68,95.54,67.31,65.31,CS,52.59,Medium
2.87,6.77,1.9,65.88,50.3,74.21,53.78,Physics,40.02,High
1.24,4.03,6.36,62.74,74.19,68.01,51.97,Math,42.12,High
2.63,7.8,1.0,94.9,56.16,39.06,42.27,Math,52.48,Medium
6.25,4.18,3.92,55.07,65.38,56.31,78.6,Math,47.87,High
4.79,7.73,4.66,90.65,96.3,36.94,55.75,None,50.26,Medium
9.03,5.01,1.38,69.04,58.08,73.61,43.14,English,55.9,Medium
8.36,8.79,7.81,70.85,98.29,61.28,53.86,Physics,68.29,Medium
4.08,5.84,2.58,58.51,60.29,84.46,88.11,None,52.04,Medium
3.33,5.63,3.13,74.38,87.08,45.43,91.09,None,48.14,High
4.42,4.74,3.13,59.51,77.33,41.52,68.98,English,48.27,High
6.31,5.53,2.61,42.36,94.22,58.44,64.96,Math,47.62,High
3.41,8.38,1.01,56.32,77.7,94.86,98.67,English,65.99,Medium
6.62,8.98,6.11,40.38,76.73,79.73,52.03,English,59.6,Medium
4.68,5.84,7.77,98.7,59.77,59.32,52.92,None,47.32,High
5.97,6.24,2.57,97.94,58.31,66.21,57.51,Physics,56.36,Medium
4.93,7.61,5.64,63.71,95.82,35.89,50.37,Chemistry,35.95,High
3.65,8.43,6.19,83.7,66.39,98.92,62.76,English,47.72,High
9.54,6.97,6.94,60.75,68.6,76.65,94.65,English,56.79,Medium
7.87,5.96,3.96,80.27,87.99,49.98,76.92,Math,62.88,Medium
2.26,6.06,3.12,88.33,66.94,71.01,64.72,Math,47.93,High
8.82,7.48,3.28,96.81,97.6,37.66,96.06,None,65.75,Medium
5.39,4.02,5.99,64.01,86.9,97.61,42.91,Math,47.64,High
9.05,7.1,6.72,87.0,79.87,42.23,52.62,CS,63.96,Medium
8.2,5.78,2.27,55.96,94.04,75.36,73.95,English,65.06,Medium
4.83,7.97,3.6,99.42,52.48,47.18,76.93,Math,48.47,High
1.2,4.46,7.31,41.55,62.85,80.23,42.37,Physics,28.6,High
3.42,6.94,6.65,76.21,73.25,84.38,64.18,CS,42.82,High
5.87,6.4,7.89,79.57,61.35,77.14,78.95,None,58.57,Medium
6.7,7.21,6.28,81.28,87.2,73.01,81.88,Chemistry,65.68,Medium
3.32,4.32,3.75,47.22,95.96,92.47,78.29,English,42.66,High
2.25,6.9,5.13,96.31,71.19,35.5,59.23,English,42.88,High
8.51,6.81,5.63,50.87,67.11,53.16,45.61,Physics,50.33,Medium
9.86,6.8,1.55,77.37,98.08,47.38,65.63,Chemistry,58.62,Medium
5.73,7.02,4.81,53.36,72.24,99.16,47.73,Chemistry,54.31,Medium
2.55,7.38,5.97,58.43,74.45,57.26,96.86,None,44.65,High
3.45,8.02,2.17,72.79,67.58,81.28,68.51,None,59.64,Medium
1.17,5.35,6.46,65.03,95.48,77.93,59.04,CS,35.23,High
9.23,8.13,5.09,49.61,78.45,44.85,85.98,English,57.93,Medium
2.06,6.49,7.67,50.26,88.11,46.73,69.88,Math,30.21,High
6.19,4.39,1.3,65.09,90.59,49.69,58.6,None,48.64,High
3.47,4.29,2.86,85.44,67.09,58.78,88.72,Physics,44.88,High
5.99,5.67,5.21,93.88,71.68,46.4,92.03,Physics,63.03,Medium
6.86,7.92,3.08,45.05,92.42,31.38,80.38,Physics,51.9,Medium
8.47,7.54,6.0,63.59,68.16,91.56,42.82,None,60.07,Medium
2.86,7.94,6.31,46.01,89.7,97.59,73.98,None,46.17,High
1.1,6.59,1.72,41.0,97.05,53.91,85.8,Physics,36.44,High
2.23,6.2,4.6,79.7,81.16,53.7,48.19,None,43.69,High
9.1,4.74,4.56,76.15,87.08,30.5,53.72,Math,60.65,Medium
8.87,5.64,3.58,49.78,90.25,77.62,92.95,Math,57.04,Medium
6.38,6.17,7.53,54.03,92.25,87.78,41.21,CS,54.64,Medium
6.4,4.44,6.79,41.42,69.75,40.26,85.16,English,39.44,High
6.99,5.1,5.88,90.1,52.56,41.18,68.43,Math,51.06,Medium
2.58,6.99,6.0,98.48,70.09,85.31,66.81,CS,55.5,Medium
9.23,7.68,4.23,48.13,83.69,73.14,40.43,Chemistry,56.39,Medium
4.77,8.99,7.45,53.89,72.52,33.14,89.16,English,48.41,High
4.45,8.67,5.86,92.1,87.45,73.58,61.59,Math,57.37,Medium
5.67,7.21,6.1,95.59,67.85,51.62,72.45,Chemistry,57.85,Medium
1.42,6.11,7.03,65.18,81.74,55.81,80.64,CS,28.63,High
2.5,7.18,2.92,43.04,59.32,83.88,82.16,Math,36.09,High
7.64,7.93,6.65,42.36,87.47,86.77,97.36,Math,63.06,Medium
1.75,4.59,2.37,74.44,77.28,58.02,71.88,None,49.68,High
6.43,6.05,3.42,63.57,60.2,96.3,63.98,Chemistry,51.94,Medium
3.21,8.2,3.35,41.72,64.6,58.45,97.22,Math,46.12,High
4.5,5.92,7.85,75.0,87.43,84.03,78.53,Physics,53.76,Medium
3.6,6.86,7.0,40.68,74.13,63.87,57.89,None,43.48,High
4.2,6.94,5.91,87.24,60.8,92.83,47.59,None,42.43,High
7.47,4.92,6.09,58.39,98.36,93.54,90.55,Math,55.47,Medium
3.67,5.81,4.93,42.42,85.76,36.12,61.73,None,38.15,High
6.1,5.67,7.63,75.3,97.86,95.55,79.63,English,62.0,Medium
5.28,4.13,4.47,63.86,71.36,87.79,68.25,Chemistry,62.94,Medium
6.97,4.12,3.66,98.43,73.76,85.39,51.94,English,59.6,Medium
9.43,8.16,2.14,72.65,94.9,44.06,76.1,CS,62.68,Medium
7.59,5.37,6.5,56.51,76.25,86.36,43.64,English,54.47,Medium
2.93,6.59,6.14,82.57,85.36,89.51,64.8,Physics,58.17,Medium
1.28,5.49,3.69,56.29,62.61,50.24,72.8,None,38.11,High
3.36,8.7,1.18,94.25,72.34,96.66,66.16,None,58.11,Medium
6.36,5.3,6.87,62.48,56.17,33.49,84.92,Physics,51.71,Medium
1.46,6.15,1.08,72.99,60.3,40.49,89.68,None,48.76,High
5.47,8.36,5.93,43.03,50.05,67.63,86.27,English,44.16,High
6.37,8.21,7.79,65.57,51.96,70.31,42.33,CS,51.93,Medium
4.01,4.93,4.06,89.94,98.86,75.16,51.65,Math,58.89,Medium
7.94,8.01,2.64,88.34,62.12,31.19,72.2,Physics,69.35,Medium
1.96,6.29,5.93,53.46,83.17,97.23,96.09,English,46.41,High
1.68,6.41,6.72,53.56,91.95,33.12,90.1,English,37.53,High
7.55,4.67,4.83,89.04,77.53,40.01,90.55,English,65.81,Medium
5.46,4.4,7.77,95.82,57.66,30.98,58.19,Math,40.28,High
7.2,7.64,1.36,45.72,86.41,69.68,65.77,Chemistry,61.61,Medium
4.91,6.48,4.53,67.0,80.01,95.26,68.24,None,48.38,High
3.22,6.18,6.03,60.25,86.56,76.62,49.44,None,49.93,High
8.37,7.65,7.04,92.24,88.49,87.59,41.86,CS,64.31,Medium
8.19,7.83,2.25,45.01,98.77,30.93,96.81,Chemistry,67.97,Medium
7.25,4.79,6.6,52.67,78.68,67.94,54.44,None,51.82,Medium
3.45,7.05,4.87,85.15,67.08,62.17,54.4,CS,43.61,High
6.31,4.68,3.78,43.08,82.42,64.93,45.0,CS,53.99,Medium
4.25,7.76,1.92,69.55,53.42,35.05,95.71,English,60.42,Medium
1.82,7.28,7.06,66.53,94.87,77.91,74.78,Physics,50.9,Medium
9.26,8.78,2.1,60.06,55.97,65.23,80.02,English,62.54,Medium
2.23,4.34,3.17,63.67,66.39,83.56,94.69,Math,44.6,High
9.55,4.29,3.03,71.8,90.79,63.97,60.74,None,63.91,Medium
5.01,5.41,7.1,49.68,79.87,40.46,77.29,CS,39.73,High
